code,name,sector,revenue_yoy,profit_yoy,roe,gross_margin,operating_cf,pe_ttm,pe_forward,pb,peg,sector_growth,order_growth,capex_growth,inventory_days_change,turnover_z,institution_flow,margin_change,block_flow,price_vs_ma20,price_vs_ma60,price_vs_ma200,rsi14,macd_hist,volume_ratio,volatility_60d,max_drawdown_120d,valuation_percentile,shareholder_reduction,debt_ratio,customer_concentration
688256,寒武纪,AI芯片,,,,,,,,,,,,,,,,,,,,,,,,,,,,,
300308,中际旭创,AI光通信,,,,,,,,,,,,,,,,,,,,,,,,,,,,,
002463,沪电股份,AI服务器PCB,,,,,,,,,,,,,,,,,,,,,,,,,,,,,
002371,北方华创,半导体设备,,,,,,,,,,,,,,,,,,,,,,,,,,,,,
688012,中微公司,半导体设备,,,,,,,,,,,,,,,,,,,,,,,,,,,,,
600089,特变电工,电力/能源,,,,,,,,,,,,,,,,,,,,,,,,,,,,,
600406,国电南瑞,电网/电力数字化,,,,,,,,,,,,,,,,,,,,,,,,,,,,,
601899,紫金矿业,黄金/铜资源,,,,,,,,,,,,,,,,,,,,,,,,,,,,,
600900,长江电力,水电/高股息,,,,,,,,,,,,,,,,,,,,,,,,,,,,,
688981,中芯国际,晶圆制造,,,,,,,,,,,,,,,,,,,,,,,,,,,,,